capital,independent,continents,population,region,area,common_name,oficial_name,lat,lon,country_code,currency_key,currency_name,currency_symbol,timezone_1,timezone_2,timezone_3,lang_1,lang_2,lang_3
Bridgetown,True,North America,287371,Americas,430.0,Barbados,Barbados,13.16666666,-59.53333333,bb,BBD,Barbadian dollar,$,UTC-04:00,,,English,,
Saint-Denis,False,Africa,840974,Africa,2511.0,Réunion,Réunion Island,-21.15,55.5,re,EUR,Euro,€,UTC+04:00,,,French,,
Paramaribo,True,South America,586634,Americas,163820.0,Suriname,Republic of Suriname,4.0,-56.0,sr,SRD,Surinamese dollar,$,UTC-03:00,,,Dutch,,
Windhoek,True,Africa,2540916,Africa,825615.0,Namibia,Republic of Namibia,-22.0,17.0,na,NAD,Namibian dollar,$,UTC+01:00,,,Afrikaans,German,English
Conakry,True,Africa,13132792,Africa,245857.0,Guinea,Republic of Guinea,11.0,-10.0,gn,GNF,Guinean franc,Fr,UTC,,,French,,
Port Vila,True,Oceania,307150,Oceania,12189.0,Vanuatu,Republic of Vanuatu,-16.0,167.0,vu,VUV,Vanuatu vatu,Vt,UTC+11:00,,,Bislama,English,French
Apia,True,Oceania,198410,Oceania,2842.0,Samoa,Independent State of Samoa,-13.58333333,-172.33333333,ws,WST,Samoan tālā,T,UTC+13:00,,,English,Samoan,
Paris,True,Europe,67391582,Europe,551695.0,France,French Republic,46.0,2.0,fr,EUR,Euro,€,UTC-10:00,UTC-09:30,UTC-09:00,French,,
Andorra la Vella,True,Europe,77265,Europe,468.0,Andorra,Principality of Andorra,42.5,1.5,ad,EUR,Euro,€,UTC+01:00,,,Catalan,,
Baku,True,Asia,10110116,Asia,86600.0,Azerbaijan,Republic of Azerbaijan,40.5,47.5,az,AZN,Azerbaijani manat,₼,UTC+04:00,,,Azerbaijani,Russian,
Malé,True,Asia,540542,Asia,300.0,Maldives,Republic of the Maldives,3.25,73.0,mv,MVR,Maldivian rufiyaa,.ރ,UTC+05:00,,,Maldivian,,
Papeetē,False,Oceania,280904,Oceania,4167.0,French Polynesia,French Polynesia,17.6797,149.4068,pf,XPF,CFP franc,₣,UTC-10:00,UTC-09:30,UTC-09:00,French,,
Castries,True,North America,183629,Americas,616.0,Saint Lucia,Saint Lucia,13.88333333,-60.96666666,lc,XCD,Eastern Caribbean dollar,$,UTC-04:00,,,English,,
Panama City,True,North America,4314768,Americas,75417.0,Panama,Republic of Panama,9.0,-80.0,pa,PAB,Panamanian balboa,B/.,UTC-05:00,,,Spanish,,
Dili,True,Oceania,1318442,Asia,14874.0,Timor-Leste,Democratic Republic of Timor-Leste,-8.83333333,125.91666666,tl,USD,United States dollar,$,UTC+09:00,,,Portuguese,Tetum,
Skopje,True,Europe,2077132,Europe,25713.0,North Macedonia,Republic of North Macedonia,41.83333333,22.0,mk,MKD,denar,den,UTC+01:00,,,Macedonian,,
Copenhagen,True,Europe,5831404,Europe,43094.0,Denmark,Kingdom of Denmark,56.0,10.0,dk,DKK,Danish krone,kr,UTC-04:00,UTC-03:00,UTC-01:00,Danish,,
Cairo,True,Africa,102334403,Africa,1002450.0,Egypt,Arab Republic of Egypt,27.0,30.0,eg,EGP,Egyptian pound,£,UTC+02:00,,,Arabic,,
Tallinn,True,Europe,1331057,Europe,45227.0,Estonia,Republic of Estonia,59.0,26.0,ee,EUR,Euro,€,UTC+02:00,,,Estonian,,
Prague,True,Europe,10698896,Europe,78865.0,Czechia,Czech Republic,49.75,15.5,cz,CZK,Czech koruna,Kč,UTC+01:00,,,Czech,Slovak,
Nassau,True,North America,393248,Americas,13943.0,Bahamas,Commonwealth of the Bahamas,25.0343,77.3963,bs,BSD,Bahamian dollar,$,UTC-05:00,,,English,,
Montevideo,True,South America,3473727,Americas,181034.0,Uruguay,Oriental Republic of Uruguay,-33.0,-56.0,uy,UYU,Uruguayan peso,$,UTC-03:00,,,Spanish,,
Mariehamn,False,Europe,29458,Europe,1580.0,Åland Islands,Åland Islands,60.116667,19.9,ax,EUR,Euro,€,UTC+02:00,,,Swedish,,
Moroni,True,Africa,869595,Africa,1862.0,Comoros,Union of the Comoros,-12.16666666,44.25,km,KMF,Comorian franc,Fr,UTC+03:00,,,Arabic,French,Comorian
Avarua,False,Oceania,18100,Oceania,236.0,Cook Islands,Cook Islands,-21.23333333,-159.76666666,ck,CKD,Cook Islands dollar,$,UTC-10:00,,,English,Cook Islands Māori,
San José,True,North America,5094114,Americas,51100.0,Costa Rica,Republic of Costa Rica,10.0,-84.0,cr,CRC,Costa Rican colón,₡,UTC-06:00,,,Spanish,,
Lomé,True,Africa,8278737,Africa,56785.0,Togo,Togolese Republic,8.0,1.16666666,tg,XOF,West African CFA franc,Fr,UTC,,,French,,
São Tomé,True,Africa,219161,Africa,964.0,São Tomé and Príncipe,Democratic Republic of São Tomé and Príncipe,1.0,7.0,st,STN,São Tomé and Príncipe dobra,Db,UTC,,,Portuguese,,
Amsterdam,True,Europe,16655799,Europe,41850.0,Netherlands,Kingdom of the Netherlands,52.5,5.75,nl,EUR,Euro,€,UTC-04:00,UTC+01:00,,Dutch,,
City of Victoria,False,Asia,7500700,Asia,1104.0,Hong Kong,Hong Kong Special Administrative Region of the People's Republic of China,22.267,114.188,hk,HKD,Hong Kong dollar,$,UTC+08:00,,,English,Chinese,
Canberra,True,Oceania,25687041,Oceania,7692024.0,Australia,Commonwealth of Australia,-27.0,133.0,au,AUD,Australian dollar,$,UTC+05:00,UTC+06:30,UTC+07:00,English,,
Kuala Lumpur,True,Asia,32365998,Asia,330803.0,Malaysia,Malaysia,2.5,112.5,my,MYR,Malaysian ringgit,RM,UTC+08:00,,,English,Malay,
Kathmandu,True,Asia,29136808,Asia,147181.0,Nepal,Federal Democratic Republic of Nepal,28.0,84.0,np,NPR,Nepalese rupee,₨,UTC+05:45,,,Nepali,,
Havana,True,North America,11326616,Americas,109884.0,Cuba,Republic of Cuba,21.5,-80.0,cu,CUC,Cuban convertible peso,$,UTC-05:00,,,Spanish,,
Pyongyang,True,Asia,25778815,Asia,120538.0,North Korea,Democratic People's Republic of Korea,40.0,127.0,kp,KPW,North Korean won,₩,UTC+09:00,,,Korean,,
Cayenne,False,South America,254541,Americas,83534.0,French Guiana,Guiana,4.0,-53.0,gf,EUR,Euro,€,UTC-03:00,,,French,,
Chișinău,True,Europe,2617820,Europe,33846.0,Moldova,Republic of Moldova,47.0,29.0,md,MDL,Moldovan leu,L,UTC+02:00,,,Romanian,,
Lusaka,True,Africa,18383956,Africa,752612.0,Zambia,Republic of Zambia,-15.0,30.0,zm,ZMW,Zambian kwacha,ZK,UTC+02:00,,,English,,
Roseau,True,North America,71991,Americas,751.0,Dominica,Commonwealth of Dominica,15.41666666,-61.33333333,dm,XCD,Eastern Caribbean dollar,$,UTC-04:00,,,English,,
Majuro,True,Oceania,59194,Oceania,181.0,Marshall Islands,Republic of the Marshall Islands,9.0,168.0,mh,USD,United States dollar,$,UTC+12:00,,,English,Marshallese,
Nuku'alofa,True,Oceania,105697,Oceania,747.0,Tonga,Kingdom of Tonga,-20.0,-175.0,to,TOP,Tongan paʻanga,T$,UTC+13:00,,,English,Tongan,
Lima,True,South America,32971846,Americas,1285216.0,Peru,Republic of Peru,-10.0,-76.0,pe,PEN,Peruvian sol,S/ ,UTC-05:00,,,Aymara,Quechua,Spanish
Praia,True,Africa,555988,Africa,4033.0,Cape Verde,Republic of Cabo Verde,16.5388,23.0418,cv,CVE,Cape Verdean escudo,Esc,UTC-01:00,,,Portuguese,,
South Tarawa,True,Oceania,119446,Oceania,811.0,Kiribati,Independent and Sovereign Republic of Kiribati,1.41666666,173.0,ki,AUD,Australian dollar,$,UTC+12:00,UTC+13:00,UTC+14:00,English,Gilbertese,
Helsinki,True,Europe,5530719,Europe,338424.0,Finland,Republic of Finland,64.0,26.0,fi,EUR,Euro,€,UTC+02:00,,,Finnish,Swedish,
Yamoussoukro,True,Africa,26378275,Africa,322463.0,Ivory Coast,Republic of Côte d'Ivoire,8.0,-5.0,ci,XOF,West African CFA franc,Fr,UTC,,,French,,
Fort-de-France,False,North America,378243,Americas,1128.0,Martinique,Martinique,14.666667,-61.0,mq,EUR,Euro,€,UTC-04:00,,,French,,
Islamabad,True,Asia,220892331,Asia,881912.0,Pakistan,Islamic Republic of Pakistan,30.0,70.0,pk,PKR,Pakistani rupee,₨,UTC+05:00,,,English,Urdu,
Djibouti,True,Africa,988002,Africa,23200.0,Djibouti,Republic of Djibouti,11.5,43.0,dj,DJF,Djiboutian franc,Fr,UTC+03:00,,,Arabic,French,
Cockburn Town,False,North America,38718,Americas,948.0,Turks and Caicos Islands,Turks and Caicos Islands,21.75,-71.58333333,tc,USD,United States dollar,$,UTC-04:00,,,English,,
Palikir,True,Oceania,115021,Oceania,702.0,Micronesia,Federated States of Micronesia,6.91666666,158.25,fm,USD,United States dollar,$,UTC+10:00,UTC+11:00,,English,,
Ljubljana,True,Europe,2100126,Europe,20273.0,Slovenia,Republic of Slovenia,46.11666666,14.81666666,si,EUR,Euro,€,UTC+01:00,,,Slovene,,
Bishkek,True,Asia,6591600,Asia,199951.0,Kyrgyzstan,Kyrgyz Republic,41.0,75.0,kg,KGS,Kyrgyzstani som,с,UTC+06:00,,,Kyrgyz,Russian,
Kralendijk,False,North America,25987,Americas,328.0,Caribbean Netherlands,"Bonaire, Sint Eustatius and Saba",12.18,-68.25,bq,USD,United States dollar,$,UTC-04:00,,,English,Dutch,Papiamento
Port-aux-Français,False,Antarctica,400,Antarctic,7747.0,French Southern and Antarctic Lands,Territory of the French Southern and Antarctic Lands,-49.25,69.167,tf,EUR,Euro,€,UTC+05:00,,,French,,
Gustavia,False,North America,4255,Americas,21.0,Saint Barthélemy,Collectivity of Saint Barthélemy,18.5,-63.41666666,bl,EUR,Euro,€,UTC-04:00,,,French,,
Bern,True,Europe,8654622,Europe,41284.0,Switzerland,Swiss Confederation,47.0,8.0,ch,CHF,Swiss franc,Fr.,UTC+01:00,,,French,Swiss German,Italian
Kuwait City,True,Asia,4270563,Asia,17818.0,Kuwait,State of Kuwait,29.5,45.75,kw,KWD,Kuwaiti dinar,د.ك,UTC+03:00,,,Arabic,,
Victoria,True,Africa,98462,Africa,452.0,Seychelles,Republic of Seychelles,-4.58333333,55.66666666,sc,SCR,Seychellois rupee,₨,UTC+04:00,,,Seychellois Creole,English,French
London,True,Europe,67215293,Europe,242900.0,United Kingdom,United Kingdom of Great Britain and Northern Ireland,54.0,-2.0,uk,GBP,British pound,£,UTC-08:00,UTC-05:00,UTC-04:00,English,,
Charlotte Amalie,False,North America,106290,Americas,347.0,United States Virgin Islands,Virgin Islands of the United States,18.35,-64.933333,vi,USD,United States dollar,$,UTC-04:00,,,English,,
Suva,True,Oceania,896444,Oceania,18272.0,Fiji,Republic of Fiji,17.7134,178.065,fj,FJD,Fijian dollar,$,UTC+12:00,,,English,Fijian,Fiji Hindi
Sana'a,True,Asia,29825968,Asia,527968.0,Yemen,Republic of Yemen,15.0,48.0,ye,YER,Yemeni rial,﷼,UTC+03:00,,,Arabic,,
Road Town,False,North America,30237,Americas,151.0,British Virgin Islands,Virgin Islands,18.431383,-64.62305,vg,USD,United States dollar,$,UTC-04:00,,,English,,
,False,Antarctica,0,Antarctic,49.0,Bouvet Island,Bouvet Island,54.4208,3.3464,bv,,,,UTC+01:00,,,Norwegian,,
Bangui,True,Africa,4829764,Africa,622984.0,Central African Republic,Central African Republic,7.0,21.0,cf,XAF,Central African CFA franc,Fr,UTC+01:00,,,French,Sango,
Brussels,True,Europe,11555997,Europe,30528.0,Belgium,Kingdom of Belgium,50.83333333,4.0,be,EUR,Euro,€,UTC+01:00,,,German,French,Dutch
Willemstad,False,North America,155014,Americas,444.0,Curaçao,Country of Curaçao,12.116667,-68.933333,cw,ANG,Netherlands Antillean guilder,ƒ,UTC-04:00,,,English,Dutch,Papiamento
Buenos Aires,True,South America,45376763,Americas,2780400.0,Argentina,Argentine Republic,-34.0,-64.0,ar,ARS,Argentine peso,$,UTC-03:00,,,Guaraní,Spanish,
Antananarivo,True,Africa,27691019,Africa,587041.0,Madagascar,Republic of Madagascar,-20.0,47.0,mg,MGA,Malagasy ariary,Ar,UTC+03:00,,,French,Malagasy,
Pretoria,True,Africa,59308690,Africa,1221037.0,South Africa,Republic of South Africa,-29.0,24.0,za,ZAR,South African rand,R,UTC+02:00,,,Afrikaans,English,Southern Ndebele
Riga,True,Europe,1901548,Europe,64559.0,Latvia,Republic of Latvia,57.0,25.0,lv,EUR,Euro,€,UTC+02:00,,,Latvian,,
Harare,True,Africa,14862927,Africa,390757.0,Zimbabwe,Republic of Zimbabwe,-20.0,30.0,zw,ZWL,Zimbabwean dollar,$,UTC+02:00,,,Chibarwe,English,Kalanga
,False,Antarctica,1000,Antarctic,14000000.0,Antarctica,Antarctica,-90.0,0.0,aq,,,,UTC-03:00,UTC+03:00,UTC+05:00,,,
St. Peter Port,False,Europe,62999,Europe,78.0,Guernsey,Bailiwick of Guernsey,49.46666666,-2.58333333,gg,GBP,British pound,£,UTC+00:00,,,English,French,Guernésiais
Libreville,True,Africa,2225728,Africa,267668.0,Gabon,Gabonese Republic,-1.0,11.75,ga,XAF,Central African CFA franc,Fr,UTC+01:00,,,French,,
Bucharest,True,Europe,19286123,Europe,238391.0,Romania,Romania,46.0,25.0,ro,RON,Romanian leu,lei,UTC+02:00,,,Romanian,,
Berlin,True,Europe,83240525,Europe,357114.0,Germany,Federal Republic of Germany,51.0,9.0,de,EUR,Euro,€,UTC+01:00,,,German,,
Dhaka,True,Asia,164689383,Asia,147570.0,Bangladesh,People's Republic of Bangladesh,24.0,90.0,bd,BDT,Bangladeshi taka,৳,UTC+06:00,,,Bengali,,
Plymouth,False,North America,4922,Americas,102.0,Montserrat,Montserrat,16.75,-62.2,ms,XCD,Eastern Caribbean dollar,$,UTC-04:00,,,English,,
Amman,True,Asia,10203140,Asia,89342.0,Jordan,Hashemite Kingdom of Jordan,31.0,36.0,jo,JOD,Jordanian dinar,د.ا,UTC+03:00,,,Arabic,,
Maputo,True,Africa,31255435,Africa,801590.0,Mozambique,Republic of Mozambique,-18.25,35.0,mz,MZN,Mozambican metical,MT,UTC+02:00,,,Portuguese,,
Jerusalem,True,Asia,9216900,Asia,20770.0,Israel,State of Israel,31.47,35.13,il,ILS,Israeli new shekel,₪,UTC+02:00,,,Arabic,Hebrew,
Asmara,True,Africa,5352000,Africa,117600.0,Eritrea,State of Eritrea,15.0,39.0,er,ERN,Eritrean nakfa,Nfk,UTC+03:00,,,Arabic,English,Tigrinya
Jakarta,True,Asia,273523621,Asia,1904569.0,Indonesia,Republic of Indonesia,-5.0,120.0,id,IDR,Indonesian rupiah,Rp,UTC+07:00,UTC+08:00,UTC+09:00,Indonesian,,
Douglas,False,Europe,85032,Europe,572.0,Isle of Man,Isle of Man,54.25,-4.5,im,GBP,British pound,£,UTC+00:00,,,English,Manx,
Tokyo,True,Asia,125836021,Asia,377930.0,Japan,Japan,36.0,138.0,jp,JPY,Japanese yen,¥,UTC+09:00,,,Japanese,,
Madrid,True,Europe,47351567,Europe,505992.0,Spain,Kingdom of Spain,40.0,-4.0,es,EUR,Euro,€,UTC,UTC+01:00,,Spanish,,
Kabul,True,Asia,40218234,Asia,652230.0,Afghanistan,Islamic Republic of Afghanistan,33.0,65.0,af,AFN,Afghan afghani,؋,UTC+04:30,,,Dari,Pashto,Turkmen
Abu Dhabi,True,Asia,9890400,Asia,83600.0,United Arab Emirates,United Arab Emirates,24.0,54.0,ae,AED,United Arab Emirates dirham,د.إ,UTC+04:00,,,Arabic,,
Lilongwe,True,Africa,19129955,Africa,118484.0,Malawi,Republic of Malawi,-13.5,34.0,mw,MWK,Malawian kwacha,MK,UTC+02:00,,,English,Chewa,
Ankara,True,Asia,84339067,Asia,783562.0,Turkey,Republic of Turkey,39.0,35.0,tr,TRY,Turkish lira,₺,UTC+03:00,,,Turkish,,
Minsk,True,Europe,9398861,Europe,207600.0,Belarus,Republic of Belarus,53.0,28.0,by,BYN,Belarusian ruble,Br,UTC+03:00,,,Belarusian,Russian,
Podgorica,True,Europe,621718,Europe,13812.0,Montenegro,Montenegro,42.5,19.3,me,EUR,Euro,€,UTC+01:00,,,Montenegrin,,
Sarajevo,True,Europe,3280815,Europe,51209.0,Bosnia and Herzegovina,Bosnia and Herzegovina,44.0,18.0,ba,BAM,Bosnia and Herzegovina convertible mark,,UTC+01:00,,,Bosnian,Croatian,Serbian
Mbabane,True,Africa,1160164,Africa,17364.0,Eswatini,Kingdom of Eswatini,-26.5,31.5,sz,SZL,Swazi lilangeni,L,UTC+02:00,,,English,Swazi,
Vilnius,True,Europe,2794700,Europe,65300.0,Lithuania,Republic of Lithuania,56.0,24.0,lt,EUR,Euro,€,UTC+02:00,,,Lithuanian,,
Ashgabat,True,Asia,6031187,Asia,488100.0,Turkmenistan,Turkmenistan,40.0,60.0,tm,TMT,Turkmenistan manat,m,UTC+05:00,,,Russian,Turkmen,
Addis Ababa,True,Africa,114963583,Africa,1104300.0,Ethiopia,Federal Democratic Republic of Ethiopia,8.0,38.0,et,ETB,Ethiopian birr,Br,UTC+03:00,,,Amharic,,
The Valley,False,North America,13452,Americas,91.0,Anguilla,Anguilla,18.25,-63.16666666,ai,XCD,Eastern Caribbean dollar,$,UTC-04:00,,,English,,
Budapest,True,Europe,9749763,Europe,93028.0,Hungary,Hungary,47.0,20.0,hu,HUF,Hungarian forint,Ft,UTC+01:00,,,Hungarian,,
Pago Pago,False,Oceania,55197,Oceania,199.0,American Samoa,American Samoa,-14.33333333,-170.0,as,USD,United States dollar,$,UTC-11:00,,,English,Samoan,
N'Djamena,True,Africa,16425859,Africa,1284000.0,Chad,Republic of Chad,15.0,19.0,td,XAF,Central African CFA franc,Fr,UTC+01:00,,,Arabic,French,
Basse-Terre,False,North America,400132,Americas,1628.0,Guadeloupe,Guadeloupe,16.25,-61.583333,gp,EUR,Euro,€,UTC-04:00,,,French,,
Abuja,True,Africa,206139587,Africa,923768.0,Nigeria,Federal Republic of Nigeria,10.0,8.0,ng,NGN,Nigerian naira,₦,UTC+01:00,,,English,,
City of San Marino,True,Europe,33938,Europe,61.0,San Marino,Republic of San Marino,43.76666666,12.41666666,sm,EUR,Euro,€,UTC+01:00,,,Italian,,
Kyiv,True,Europe,44134693,Europe,603500.0,Ukraine,Ukraine,49.0,32.0,ua,UAH,Ukrainian hryvnia,₴,UTC+02:00,,,Ukrainian,,
Port-au-Prince,True,North America,11402533,Americas,27750.0,Haiti,Republic of Haiti,19.0,-72.41666666,ht,HTG,Haitian gourde,G,UTC-05:00,,,French,Haitian Creole,
Gaborone,True,Africa,2351625,Africa,582000.0,Botswana,Republic of Botswana,-22.0,24.0,bw,BWP,Botswana pula,P,UTC+02:00,,,English,Tswana,
Lisbon,True,Europe,10305564,Europe,92090.0,Portugal,Portuguese Republic,39.5,-8.0,pt,EUR,Euro,€,UTC-01:00,UTC,,Portuguese,,
Georgetown,True,South America,786559,Americas,214969.0,Guyana,Co-operative Republic of Guyana,5.0,-59.0,gy,GYD,Guyanese dollar,$,UTC-04:00,,,English,,
Dublin,True,Europe,4994724,Europe,70273.0,Ireland,Republic of Ireland,53.0,-8.0,ie,EUR,Euro,€,UTC,,,English,Irish,
Nouméa,False,Oceania,271960,Oceania,18575.0,New Caledonia,New Caledonia,-21.5,165.5,nc,XPF,CFP franc,₣,UTC+11:00,,,French,,
Marigot,False,North America,38659,Americas,53.0,Saint Martin,Saint Martin,18.0708,63.0501,fr,EUR,Euro,€,UTC-04:00,,,French,,
Port Louis,True,Africa,1265740,Africa,2040.0,Mauritius,Republic of Mauritius,-20.28333333,57.55,mu,MUR,Mauritian rupee,₨,UTC+04:00,,,English,French,Mauritian Creole
Gibraltar,False,Europe,33691,Europe,6.0,Gibraltar,Gibraltar,36.13333333,-5.35,gi,GIP,Gibraltar pound,£,UTC+01:00,,,English,,
Basseterre,True,North America,53192,Americas,261.0,Saint Kitts and Nevis,Federation of Saint Christopher and Nevis,17.33333333,-62.75,kn,XCD,Eastern Caribbean dollar,$,UTC-04:00,,,English,,
Reykjavik,True,Europe,366425,Europe,103000.0,Iceland,Iceland,65.0,-18.0,is,ISK,Icelandic króna,kr,UTC,,,Icelandic,,
Longyearbyen,False,Europe,2562,Europe,-1.0,Svalbard and Jan Mayen,Svalbard og Jan Mayen,78.0,20.0,sj,NOK,krone,kr,UTC+01:00,,,Norwegian,,
Santiago,True,South America,19116209,Americas,756102.0,Chile,Republic of Chile,-30.0,-71.0,cl,CLP,Chilean peso,$,UTC-06:00,UTC-04:00,,Spanish,,
Washington DC,False,Oceania,300,Americas,34.2,United States Minor Outlying Islands,United States Minor Outlying Islands,19.3,166.633333,us,USD,United States dollar,$,UTC-11:00,UTC-10:00,UTC+12:00,English,,
Nur-Sultan,True,Asia,18754440,Asia,2724900.0,Kazakhstan,Republic of Kazakhstan,48.0196,66.9237,kz,KZT,Kazakhstani tenge,₸,UTC+05:00,UTC+06:00,,Kazakh,Russian,
Beijing,True,Asia,1402112000,Asia,9706961.0,China,People's Republic of China,35.0,105.0,cn,CNY,Chinese yuan,¥,UTC+08:00,,,Chinese,,
,False,Asia,649342,Asia,30.0,Macau,Macao Special Administrative Region of the People's Republic of China,22.16666666,113.55,mo,MOP,Macanese pataca,P,UTC+08:00,,,Portuguese,Chinese,
Yerevan,True,Asia,2963234,Asia,29743.0,Armenia,Republic of Armenia,40.0,45.0,am,AMD,Armenian dram,֏,UTC+04:00,,,Armenian,,
Sucre,True,South America,11673029,Americas,1098581.0,Bolivia,Plurinational State of Bolivia,-17.0,-65.0,bo,BOB,Bolivian boliviano,Bs.,UTC-04:00,,,Aymara,Guaraní,Quechua
Khartoum,True,Africa,43849269,Africa,1886068.0,Sudan,Republic of the Sudan,15.0,30.0,sd,SDG,Sudanese pound,,UTC+03:00,,,Arabic,English,
Hanoi,True,Asia,97338583,Asia,331212.0,Vietnam,Socialist Republic of Vietnam,16.16666666,107.83333333,vn,VND,Vietnamese đồng,₫,UTC+07:00,,,Vietnamese,,
Mata-Utu,False,Oceania,11750,Oceania,142.0,Wallis and Futuna,Territory of the Wallis and Futuna Islands,-13.3,-176.2,wf,XPF,CFP franc,₣,UTC+12:00,,,French,,
Gitega,True,Africa,11890781,Africa,27834.0,Burundi,Republic of Burundi,-3.5,30.0,bi,BIF,Burundian franc,Fr,UTC+02:00,,,French,Kirundi,
Ottawa,True,North America,38005238,Americas,9984670.0,Canada,Canada,60.0,-95.0,ca,CAD,Canadian dollar,$,UTC-08:00,UTC-07:00,UTC-06:00,English,French,
Bogotá,True,South America,50882884,Americas,1141748.0,Colombia,Republic of Colombia,4.0,-72.0,co,COP,Colombian peso,$,UTC-05:00,,,Spanish,,
Maseru,True,Africa,2142252,Africa,30355.0,Lesotho,Kingdom of Lesotho,-29.5,28.5,ls,LSL,Lesotho loti,L,UTC+02:00,,,English,Sotho,
Hamilton,False,North America,63903,Americas,54.0,Bermuda,Bermuda,32.33333333,-64.75,bm,BMD,Bermudian dollar,$,UTC-04:00,,,English,,
Guatemala City,True,North America,16858333,Americas,108889.0,Guatemala,Republic of Guatemala,15.5,-90.25,gt,GTQ,Guatemalan quetzal,Q,UTC-06:00,,,Spanish,,
Tashkent,True,Asia,34232050,Asia,447400.0,Uzbekistan,Republic of Uzbekistan,41.0,64.0,uz,UZS,Uzbekistani soʻm,so'm,UTC+05:00,,,Russian,Uzbek,
George Town,False,North America,65720,Americas,264.0,Cayman Islands,Cayman Islands,19.3133,81.2546,ky,KYD,Cayman Islands dollar,$,UTC-05:00,,,English,,
Dakar,True,Africa,16743930,Africa,196722.0,Senegal,Republic of Senegal,14.0,-14.0,sn,XOF,West African CFA franc,Fr,UTC,,,French,,
Banjul,True,Africa,2416664,Africa,10689.0,Gambia,Republic of the Gambia,13.46666666,-16.56666666,gm,GMD,dalasi,D,UTC+00:00,,,English,,
Vaduz,True,Europe,38137,Europe,160.0,Liechtenstein,Principality of Liechtenstein,47.26666666,9.53333333,li,CHF,Swiss franc,Fr,UTC+01:00,,,German,,
Adamstown,False,Oceania,56,Oceania,47.0,Pitcairn Islands,Pitcairn Group of Islands,-25.06666666,-130.1,pn,NZD,New Zealand dollar,$,UTC-08:00,,,English,,
Funafuti,True,Oceania,11792,Oceania,26.0,Tuvalu,Tuvalu,-8.0,178.0,tv,AUD,Australian dollar,$,UTC+12:00,,,English,Tuvaluan,
Malabo,True,Africa,1402985,Africa,28051.0,Equatorial Guinea,Republic of Equatorial Guinea,2.0,10.0,gq,XAF,Central African CFA franc,Fr,UTC+01:00,,,French,Portuguese,Spanish
Thimphu,True,Asia,771612,Asia,38394.0,Bhutan,Kingdom of Bhutan,27.5,90.5,bt,BTN,Bhutanese ngultrum,Nu.,UTC+06:00,,,Dzongkha,,
Oranjestad,False,North America,106766,Americas,180.0,Aruba,Aruba,12.5,-69.96666666,aw,AWG,Aruban florin,ƒ,UTC-04:00,,,Dutch,Papiamento,
Asunción,True,South America,7132530,Americas,406752.0,Paraguay,Republic of Paraguay,-23.0,-58.0,py,PYG,Paraguayan guaraní,₲,UTC-04:00,,,Guaraní,Spanish,
St. George's,True,North America,112519,Americas,344.0,Grenada,Grenada,12.11666666,-61.66666666,gd,XCD,Eastern Caribbean dollar,$,UTC-04:00,,,English,,
Port Moresby,True,Oceania,8947027,Oceania,462840.0,Papua New Guinea,Independent State of Papua New Guinea,-6.0,147.0,pg,PGK,Papua New Guinean kina,K,UTC+10:00,,,English,Hiri Motu,Tok Pisin
Kingston,True,North America,2961161,Americas,10991.0,Jamaica,Jamaica,18.25,-77.5,jm,JMD,Jamaican dollar,$,UTC-05:00,,,English,Jamaican Patois,
Brazzaville,True,Africa,5657000,Africa,342000.0,Republic of the Congo,Republic of the Congo,-1.0,15.0,cg,XAF,Central African CFA franc,Fr,UTC+01:00,,,French,Kikongo,Lingala
Warsaw,True,Europe,37950802,Europe,312679.0,Poland,Republic of Poland,52.0,20.0,pl,PLN,Polish złoty,zł,UTC+01:00,,,Polish,,
Moscow,True,Europe,144104080,Europe,17098242.0,Russia,Russian Federation,60.0,100.0,ru,RUB,Russian ruble,₽,UTC+03:00,UTC+04:00,UTC+06:00,Russian,,
Nouakchott,True,Africa,4649660,Africa,1030700.0,Mauritania,Islamic Republic of Mauritania,20.0,-12.0,mr,MRU,Mauritanian ouguiya,UM,UTC,,,Arabic,,
El Aaiún,False,Africa,510713,Africa,266000.0,Western Sahara,Sahrawi Arab Democratic Republic,24.5,-13.0,eh,DZD,Algerian dinar,دج,UTC+00:00,,,Berber,Hassaniya,Spanish
Ouagadougou,True,Africa,20903278,Africa,272967.0,Burkina Faso,Burkina Faso,13.0,-2.0,bf,XOF,West African CFA franc,Fr,UTC,,,French,,
Kinshasa,True,Africa,108407721,Africa,2344858.0,DR Congo,Democratic Republic of the Congo,0.0,25.0,cd,CDF,Congolese franc,FC,UTC+01:00,UTC+02:00,,French,Kikongo,Lingala
Porto-Novo,True,Africa,12123198,Africa,112622.0,Benin,Republic of Benin,9.5,2.25,bj,XOF,West African CFA franc,Fr,UTC+01:00,,,French,,
Kampala,True,Africa,45741000,Africa,241550.0,Uganda,Republic of Uganda,1.0,32.0,ug,UGX,Ugandan shilling,Sh,UTC+03:00,,,English,Swahili,
Ulan Bator,True,Asia,3278292,Asia,1564110.0,Mongolia,Mongolia,46.0,105.0,mn,MNT,Mongolian tögrög,₮,UTC+07:00,UTC+08:00,,Mongolian,,
Vientiane,True,Asia,7275556,Asia,236800.0,Laos,Lao People's Democratic Republic,18.0,105.0,la,LAK,Lao kip,₭,UTC+07:00,,,Lao,,
Algiers,True,Africa,44700000,Africa,2381741.0,Algeria,People's Democratic Republic of Algeria,28.0,3.0,dz,DZD,Algerian dinar,د.ج,UTC+01:00,,,Arabic,,
Bandar Seri Begawan,True,Asia,437483,Asia,5765.0,Brunei,"Nation of Brunei, Abode of Peace",4.5,114.66666666,bn,BND,Brunei dollar,$,UTC+08:00,,,Malay,,
Nairobi,True,Africa,53771300,Africa,580367.0,Kenya,Republic of Kenya,1.0,38.0,ke,KES,Kenyan shilling,Sh,UTC+03:00,,,English,Swahili,
Sri Jayawardenepura Kotte,True,Asia,21919000,Asia,65610.0,Sri Lanka,Democratic Socialist Republic of Sri Lanka,7.0,81.0,lk,LKR,Sri Lankan rupee,Rs  රු,UTC+05:30,,,Sinhala,Tamil,
Santo Domingo,True,North America,10847904,Americas,48671.0,Dominican Republic,Dominican Republic,19.0,-70.66666666,do,DOP,Dominican peso,$,UTC-04:00,,,Spanish,,
Vienna,True,Europe,8917205,Europe,83871.0,Austria,Republic of Austria,47.33333333,13.33333333,at,EUR,Euro,€,UTC+01:00,,,German,,
Luxembourg,True,Europe,632275,Europe,2586.0,Luxembourg,Grand Duchy of Luxembourg,49.75,6.16666666,lu,EUR,Euro,€,UTC+01:00,,,German,French,Luxembourgish
Tbilisi,True,Asia,3714000,Asia,69700.0,Georgia,Georgia,42.0,43.5,ge,GEL,lari,₾,UTC+04:00,,,Georgian,,
Bratislava,True,Europe,5458827,Europe,49037.0,Slovakia,Slovak Republic,48.66666666,19.5,sk,EUR,Euro,€,UTC+01:00,,,Slovak,,
Oslo,True,Europe,5379475,Europe,323802.0,Norway,Kingdom of Norway,62.0,10.0,no,NOK,Norwegian krone,kr,UTC+01:00,,,Norwegian Nynorsk,Norwegian Bokmål,Sami
Bangkok,True,Asia,69799978,Asia,513120.0,Thailand,Kingdom of Thailand,15.0,100.0,th,THB,Thai baht,฿,UTC+07:00,,,Thai,,
Diego Garcia,False,Asia,3000,Africa,60.0,British Indian Ocean Territory,British Indian Ocean Territory,-6.0,71.5,io,USD,United States dollar,$,UTC+06:00,,,English,,
New Delhi,True,Asia,1380004385,Asia,3287590.0,India,Republic of India,20.0,77.0,in,INR,Indian rupee,₹,UTC+05:30,,,English,Hindi,Tamil
Rabat,True,Africa,36910558,Africa,446550.0,Morocco,Kingdom of Morocco,32.0,-5.0,ma,MAD,Moroccan dirham,د.م.,UTC,,,Arabic,Berber,
Saint-Pierre,False,North America,6069,Americas,242.0,Saint Pierre and Miquelon,Saint Pierre and Miquelon,46.83333333,-56.33333333,pm,EUR,Euro,€,UTC-03:00,,,French,,
Nuuk,False,North America,56367,Americas,2166086.0,Greenland,Greenland,72.0,-40.0,gl,DKK,krone,kr.,UTC-04:00,UTC-03:00,UTC-01:00,Greenlandic,,
Managua,True,North America,6624554,Americas,130373.0,Nicaragua,Republic of Nicaragua,13.0,-85.0,ni,NIO,Nicaraguan córdoba,C$,UTC-06:00,,,Spanish,,
Doha,True,Asia,2881060,Asia,11586.0,Qatar,State of Qatar,25.5,51.25,qa,QAR,Qatari riyal,ر.ق,UTC+03:00,,,Arabic,,
Taipei,False,Asia,23503349,Asia,36193.0,Taiwan,Republic of China (Taiwan),23.5,121.0,tw,TWD,New Taiwan dollar,$,UTC+08:00,,,Chinese,,
Brasília,True,South America,212559409,Americas,8515767.0,Brazil,Federative Republic of Brazil,-10.0,-55.0,br,BRL,Brazilian real,R$,UTC-05:00,UTC-04:00,UTC-03:00,Portuguese,,
Wellington,True,Oceania,5084300,Oceania,270467.0,New Zealand,New Zealand,-41.0,174.0,nz,NZD,New Zealand dollar,$,UTC-11:00,UTC-10:00,UTC+12:00,English,Māori,New Zealand Sign Language
Singapore,True,Asia,5685807,Asia,710.0,Singapore,Republic of Singapore,1.36666666,103.8,sg,SGD,Singapore dollar,$,UTC+08:00,,,Chinese,English,Malay
Damascus,True,Asia,17500657,Asia,185180.0,Syria,Syrian Arab Republic,35.0,38.0,sy,SYP,Syrian pound,£,UTC+02:00,,,Arabic,,
Belmopan,True,North America,397621,Americas,22966.0,Belize,Belize,17.25,-88.75,bz,BZD,Belize dollar,$,UTC-06:00,,,Belizean Creole,English,Spanish
Stanley,False,South America,2563,Americas,12173.0,Falkland Islands,Falkland Islands,-51.75,-59.0,fk,FKP,Falkland Islands pound,£,UTC-04:00,,,English,,
Caracas,True,South America,28435943,Americas,916445.0,Venezuela,Bolivarian Republic of Venezuela,8.0,-66.0,ve,VES,Venezuelan bolívar soberano,Bs.S.,UTC-04:00,,,Spanish,,
Manama,True,Asia,1701583,Asia,765.0,Bahrain,Kingdom of Bahrain,26.0,50.55,bh,BHD,Bahraini dinar,.د.ب,UTC+03:00,,,Arabic,,
West Island,False,Asia,544,Oceania,14.0,Cocos (Keeling) Islands,Territory of the Cocos (Keeling) Islands,12.1642,96.871,cc,AUD,Australian dollar,$,UTC+06:30,,,English,,
Saipan,False,Oceania,57557,Oceania,464.0,Northern Mariana Islands,Commonwealth of the Northern Mariana Islands,15.2,145.75,mp,USD,United States dollar,$,UTC+10:00,,,Carolinian,Chamorro,English
Yaoundé,True,Africa,26545864,Africa,475442.0,Cameroon,Republic of Cameroon,6.0,12.0,cm,XAF,Central African CFA franc,Fr,UTC+01:00,,,English,French,
Nicosia,True,Europe,1207361,Europe,9251.0,Cyprus,Republic of Cyprus,35.0,33.0,cy,EUR,Euro,€,UTC+02:00,,,Greek,Turkish,
"Washington, D.C.",True,North America,329484123,Americas,9372610.0,United States,United States of America,38.0,-97.0,us,USD,United States dollar,$,UTC-12:00,UTC-11:00,UTC-10:00,English,,
Luanda,True,Africa,32866268,Africa,1246700.0,Angola,Republic of Angola,-12.5,18.5,ao,AOA,Angolan kwanza,Kz,UTC+01:00,,,Portuguese,,
Tunis,True,Africa,11818618,Africa,163610.0,Tunisia,Tunisian Republic,34.0,9.0,tn,TND,Tunisian dinar,د.ت,UTC+01:00,,,Arabic,,
Monaco,True,Europe,39244,Europe,2.02,Monaco,Principality of Monaco,43.73333333,7.4,mc,EUR,Euro,€,UTC+01:00,,,French,,
Kigali,True,Africa,12952209,Africa,26338.0,Rwanda,Republic of Rwanda,-2.0,30.0,rw,RWF,Rwandan franc,Fr,UTC+02:00,,,English,French,Kinyarwanda
Port of Spain,True,North America,1399491,Americas,5130.0,Trinidad and Tobago,Republic of Trinidad and Tobago,10.6918,61.2225,tt,TTD,Trinidad and Tobago dollar,$,UTC-04:00,,,English,,
Valletta,True,Europe,525285,Europe,316.0,Malta,Republic of Malta,35.9375,14.3754,mt,EUR,Euro,€,UTC+01:00,,,English,Maltese,
Mexico City,True,North America,128932753,Americas,1964375.0,Mexico,United Mexican States,23.0,-102.0,mx,MXN,Mexican peso,$,UTC-08:00,UTC-07:00,UTC-06:00,Spanish,,
Mamoudzou,False,Africa,226915,Africa,374.0,Mayotte,Department of Mayotte,-12.83333333,45.16666666,yt,EUR,Euro,€,UTC+03:00,,,French,,
Saint John's,True,North America,97928,Americas,442.0,Antigua and Barbuda,Antigua and Barbuda,17.05,-61.8,ag,XCD,Eastern Caribbean dollar,$,UTC-04:00,,,English,,
Fakaofo,False,Oceania,1411,Oceania,12.0,Tokelau,Tokelau,-9.0,-172.0,tk,NZD,New Zealand dollar,$,UTC+13:00,,,English,Samoan,Tokelauan
Seoul,True,Asia,51780579,Asia,100210.0,South Korea,Republic of Korea,37.0,127.5,kr,KRW,South Korean won,₩,UTC+09:00,,,Korean,,
Niamey,True,Africa,24206636,Africa,1267000.0,Niger,Republic of Niger,16.0,8.0,ne,XOF,West African CFA franc,Fr,UTC+01:00,,,French,,
Tirana,True,Europe,2837743,Europe,28748.0,Albania,Republic of Albania,41.0,20.0,al,ALL,Albanian lek,L,UTC+01:00,,,Albanian,,
Mogadishu,True,Africa,15893219,Africa,637657.0,Somalia,Federal Republic of Somalia,10.0,49.0,so,SOS,Somali shilling,Sh,UTC+03:00,,,Arabic,Somali,
Monrovia,True,Africa,5057677,Africa,111369.0,Liberia,Republic of Liberia,6.5,-9.5,lr,LRD,Liberian dollar,$,UTC,,,English,,
Naypyidaw,True,Asia,54409794,Asia,676578.0,Myanmar,Republic of the Union of Myanmar,22.0,98.0,mm,MMK,Burmese kyat,Ks,UTC+06:30,,,Burmese,,
Dodoma,True,Africa,59734213,Africa,945087.0,Tanzania,United Republic of Tanzania,-6.0,35.0,tz,TZS,Tanzanian shilling,Sh,UTC+03:00,,,English,Swahili,
Baghdad,True,Asia,40222503,Asia,438317.0,Iraq,Republic of Iraq,33.0,44.0,iq,IQD,Iraqi dinar,ع.د,UTC+03:00,,,Arabic,Aramaic,Sorani
King Edward Point,False,Antarctica,30,Antarctic,3903.0,South Georgia,South Georgia and the South Sandwich Islands,-54.5,-37.0,gs,SHP,Saint Helena pound,£,UTC-02:00,,,English,,
Kingstown,True,North America,110947,Americas,389.0,Saint Vincent and the Grenadines,Saint Vincent and the Grenadines,13.25,-61.2,vc,XCD,Eastern Caribbean dollar,$,UTC-04:00,,,English,,
Tripoli,True,Africa,6871287,Africa,1759540.0,Libya,State of Libya,25.0,17.0,ly,LYD,Libyan dinar,ل.د,UTC+01:00,,,Arabic,,
Freetown,True,Africa,7976985,Africa,71740.0,Sierra Leone,Republic of Sierra Leone,8.5,-11.5,sl,SLL,Sierra Leonean leone,Le,UTC,,,English,,
Philipsburg,False,North America,40812,Americas,34.0,Sint Maarten,Sint Maarten,18.033333,-63.05,sx,ANG,Netherlands Antillean guilder,ƒ,UTC-04:00,,,English,French,Dutch
Belgrade,True,Europe,6908224,Europe,88361.0,Serbia,Republic of Serbia,44.0,21.0,rs,RSD,Serbian dinar,дин.,UTC+01:00,,,Serbian,,
,False,Antarctica,0,Antarctic,412.0,Heard Island and McDonald Islands,Heard Island and McDonald Islands,53.0818,73.5042,hm,,,,UTC+05:00,,,English,,
Accra,True,Africa,31072945,Africa,238533.0,Ghana,Republic of Ghana,8.0,-2.0,gh,GHS,Ghanaian cedi,₵,UTC,,,English,,
Juba,True,Africa,11193729,Africa,619745.0,South Sudan,Republic of South Sudan,7.0,30.0,ss,SSP,South Sudanese pound,£,UTC+03:00,,,English,,
Stockholm,True,Europe,10353442,Europe,450295.0,Sweden,Kingdom of Sweden,62.0,15.0,se,SEK,Swedish krona,kr,UTC+01:00,,,Swedish,,
Athens,True,Europe,10715549,Europe,131990.0,Greece,Hellenic Republic,39.0,22.0,gr,EUR,Euro,€,UTC+02:00,,,Greek,,
Tórshavn,False,Europe,48865,Europe,1393.0,Faroe Islands,Faroe Islands,62.0,-7.0,fo,DKK,Danish krone,kr,UTC+00:00,,,Danish,Faroese,
Manila,True,Asia,109581085,Asia,342353.0,Philippines,Republic of the Philippines,13.0,122.0,ph,PHP,Philippine peso,₱,UTC+08:00,,,English,Filipino,
Bissau,True,Africa,1967998,Africa,36125.0,Guinea-Bissau,Republic of Guinea-Bissau,12.0,-15.0,gw,XOF,West African CFA franc,Fr,UTC,,,Portuguese,Upper Guinea Creole,
Riyadh,True,Asia,34813867,Asia,2149690.0,Saudi Arabia,Kingdom of Saudi Arabia,25.0,45.0,sa,SAR,Saudi riyal,ر.س,UTC+03:00,,,Arabic,,
Ngerulmud,True,Oceania,18092,Oceania,459.0,Palau,Republic of Palau,7.5,134.5,pw,USD,United States dollar,$,UTC+09:00,,,English,Palauan,
Sofia,True,Europe,6927288,Europe,110879.0,Bulgaria,Republic of Bulgaria,43.0,25.0,bg,BGN,Bulgarian lev,лв,UTC+02:00,,,Bulgarian,,
Yaren,True,Oceania,10834,Oceania,21.0,Nauru,Republic of Nauru,-0.53333333,166.91666666,nr,AUD,Australian dollar,$,UTC+12:00,,,English,Nauru,
Phnom Penh,True,Asia,16718971,Asia,181035.0,Cambodia,Kingdom of Cambodia,13.0,105.0,kh,KHR,Cambodian riel,៛,UTC+07:00,,,Khmer,,
Saint Helier,False,Europe,100800,Europe,116.0,Jersey,Bailiwick of Jersey,49.25,-2.16666666,je,GBP,British pound,£,UTC+01:00,,,English,French,Jèrriais
Ramallah,False,Asia,4803269,Asia,6220.0,Palestine,State of Palestine,31.9,35.2,ps,EGP,Egyptian pound,E£,UTC+02:00,,,Arabic,,
Rome,True,Europe,59554023,Europe,301336.0,Italy,Italian Republic,42.83333333,12.83333333,it,EUR,Euro,€,UTC+01:00,,,Italian,,
Bamako,True,Africa,20250834,Africa,1240192.0,Mali,Republic of Mali,17.0,-4.0,ml,XOF,West African CFA franc,Fr,UTC,,,French,,
Tehran,True,Asia,83992953,Asia,1648195.0,Iran,Islamic Republic of Iran,32.0,53.0,ir,IRR,Iranian rial,﷼,UTC+03:30,,,Persian (Farsi),,
Alofi,False,Oceania,1470,Oceania,260.0,Niue,Niue,-19.03333333,-169.86666666,nu,NZD,New Zealand dollar,$,UTC-11:00,,,English,Niuean,
Dushanbe,True,Asia,9537642,Asia,143100.0,Tajikistan,Republic of Tajikistan,39.0,71.0,tj,TJS,Tajikistani somoni,ЅМ,UTC+05:00,,,Russian,Tajik,
Pristina,,Europe,1775378,Europe,10908.0,Kosovo,Republic of Kosovo,42.666667,21.166667,,EUR,Euro,€,UTC+01:00,,,Albanian,Serbian,
Jamestown,False,Africa,53192,Africa,394.0,"Saint Helena, Ascension and Tristan da Cunha","Saint Helena, Ascension and Tristan da Cunha",-15.95,-5.72,sh,GBP,Pound sterling,£,UTC+00:00,,,English,,
Kingston,False,Oceania,2302,Oceania,36.0,Norfolk Island,Territory of Norfolk Island,-29.03333333,167.95,nf,AUD,Australian dollar,$,UTC+11:30,,,English,Norfuk,
Muscat,True,Asia,5106622,Asia,309500.0,Oman,Sultanate of Oman,21.0,57.0,om,OMR,Omani rial,ر.ع.,UTC+04:00,,,Arabic,,
San Salvador,True,North America,6486201,Americas,21041.0,El Salvador,Republic of El Salvador,13.83333333,-88.91666666,sv,USD,United States dollar,$,UTC-06:00,,,Spanish,,
Beirut,True,Asia,6825442,Asia,10452.0,Lebanon,Lebanese Republic,33.83333333,35.83333333,lb,LBP,Lebanese pound,ل.ل,UTC+02:00,,,Arabic,French,
Vatican City,True,Europe,451,Europe,0.44,Vatican City,Vatican City State,41.9,12.45,va,EUR,Euro,€,UTC+01:00,,,Italian,Latin,
Quito,True,South America,17643060,Americas,276841.0,Ecuador,Republic of Ecuador,-2.0,-77.5,ec,USD,United States dollar,$,UTC-06:00,UTC-05:00,,Spanish,,
Hagåtña,False,Oceania,168783,Oceania,549.0,Guam,Guam,13.46666666,144.78333333,gu,USD,United States dollar,$,UTC+10:00,,,Chamorro,English,Spanish
Zagreb,True,Europe,4047200,Europe,56594.0,Croatia,Republic of Croatia,45.16666666,15.5,hr,EUR,Euro,€,UTC+01:00,,,Croatian,,
Honiara,True,Oceania,686878,Oceania,28896.0,Solomon Islands,Solomon Islands,-8.0,159.0,sb,SBD,Solomon Islands dollar,$,UTC+11:00,,,English,,
Tegucigalpa,True,North America,9904608,Americas,112492.0,Honduras,Republic of Honduras,15.0,-86.5,hn,HNL,Honduran lempira,L,UTC-06:00,,,Spanish,,
Flying Fish Cove,False,Asia,2072,Oceania,135.0,Christmas Island,Territory of Christmas Island,-10.5,105.66666666,cx,AUD,Australian dollar,$,UTC+07:00,,,English,,
San Juan,False,North America,3194034,Americas,8870.0,Puerto Rico,Commonwealth of Puerto Rico,18.25,-66.5,pr,USD,United States dollar,$,UTC-04:00,,,English,Spanish,
